id,firstname,lastname
100,Laurene,Nea
101,Dyann,Ludewig
102,Marylou,Frendel
103,Agathe,Clywd
104,Marcelline,Kamaria
105,Nataline,Vacuva
106,Taffy,Ludewig
107,Lanna,Belldas
108,Minda,Celestine
109,Inga,Yoko
110,Rosaline,Wyn
111,Catharine,Love
112,Mady,Shaver
113,Maurene,Wyn
114,Courtnay,Papageno
115,Sybille,Wittie
116,Netty,Earlie
117,Ermengarde,Margarete
118,Barbara,Harl
119,Ebonee,Burch
120,Meg,Schroth
121,Dotty,Hamil
122,Morganica,Brotherson
123,Diena,Ammann
124,Kalina,Sheng
125,Charmaine,Paton
126,Shandie,Angelis
127,Elvira,Papageno
128,Mildrid,Gaulin
129,Tybie,Pyle
130,Ezmeralda,Morehouse
131,Ayn,Engdahl
132,Lorenza,Schwejda
133,Ginnie,Dorothy
134,Susan,Heidt
135,Margalo,Lemuela
136,Nyssa,Kevon
137,Rochette,Dorothy
138,Jaime,Joseph
139,Nyssa,Dielu
140,Etta,MacIntosh
141,Lucy,Halsey
142,Leeanne,Auberbach
143,Averyl,Hunfredo
144,Celene,Luhe
145,Lucille,Chrystel
146,Nelle,Nisbet
147,Doralynne,Winthorpe
148,Xylina,Turne
149,Ursulina,Allare
150,Imojean,Bettine
151,Roxane,Fiann
152,Jeanna,Holtz
153,Kathy,Joni
154,Sabina,Manolo
155,Pollyanna,Darian
156,Yetty,Edison
157,Celisse,Yate
158,Marsiella,Stacy
159,Betta,Gillan
160,Ottilie,Bord
161,Wileen,Harl
162,Dorthy,Sikorski
163,Fidelia,Zeeba
164,Amara,McNully
165,Frieda,Cimbura
166,Hermione,Lynn
167,Rubie,Myrilla
168,Dania,Naashom
169,Marsiella,Anyah
170,Harrietta,Johnsson
171,Jasmina,Sibyls
172,Lulita,Ferino
173,Gabi,Lail
174,Benita,Rona
175,Bee,Edee
176,Mahalia,Oriana
177,Loree,Pearse
178,Hayley,Madelene
179,June,Ricki
180,Dagmar,Sperling
181,Dorthy,Remmer
182,Lynde,Kamaria
183,Paola,Hanshaw
184,Gilligan,Sothena
185,Xylina,Tatianas
186,Florie,Dominy
187,Tamqrah,Egbert
188,Arabel,Hieronymus
189,Molli,Bow
190,Pollyanna,Odell
191,Mireielle,Seligman
192,Shirlee,Helve
193,Jacenta,Jerald
194,Dulcinea,Orpah
195,Nanete,Neva
196,Beverley,Gower
197,Jean,Fabiola
198,Lusa,Maryanne
199,Janenna,Revkah
200,Josephine,Pattin
201,Alyda,Primalia
202,Kirstin,Arquit
203,Paola,Faust
204,Ardys,Telfer
205,Ketti,Noelyn
206,Bertine,Laurianne
207,Albertina,Redmond
208,Wilma,Holtz
209,Kassey,Paton
210,Sue,Haldas
211,Lila,Ashok
212,Kenna,Winnick
213,Dominga,Avi
214,Renae,Chaing
215,Madalyn,Ehrman
216,Mariele,Nadia
217,Lexine,Joachim
218,Candi,Screens
219,Janenna,Hurley
220,Sadie,Thornburg
221,Estell,Bartlett
222,Micheline,Vivle
223,Ernesta,Clarissa
224,Jolyn,Cornelia
225,Nonnah,Warthman
226,Fredericka,Pernick
227,Pamella,Quinn
228,Noelle,Jacobah
229,Danny,Alarise
230,Alameda,Sekofski
231,Charlena,Schonfeld
232,Kamilah,Hylan
233,Gaylene,Moseley
234,Marguerite,Corilla
235,Alameda,Bivins
236,Lucy,Stoller
237,Juliane,Santoro
238,Antonietta,Bach
239,Celisse,Anis
240,Bernardine,Voletta
241,Danika,Lunsford
242,Marcelline,Milson
243,Dari,Frendel
244,Damaris,Bonilla
245,Inga,Constancy
246,Frances,Erb
247,Emilia,Maurine
248,Linet,Fairweather
249,Dolli,Darbie
250,Dede,Noam
251,Lorenza,Martguerita
252,Lelah,Bonilla
253,Doralynne,Herrera
254,Anthia,Edmund
255,Kelly,Kolnick
256,Grier,Alabaster
257,Jan,Nickola
258,Barbara,Gibbeon
259,Atlanta,Engdahl
260,Babita,Wareing
261,Sarette,Breed
262,Hettie,Horan
263,Consuela,Primalia
264,Orelia,Raimondo
265,Gianina,Mathilde
266,Aili,Sperling
267,Meg,Kolnick
268,Queenie,Saree
269,Nerta,Pulsifer
270,Barbi,Salchunas
271,Ingrid,Thilda
272,Etta,Chesna
273,Paulita,Ardra
274,Renae,Goldina
275,Karlee,Andrel
276,Lelah,Erlandson
277,Vinita,Orpah
278,Corina,Marisa
279,Janey,Laverne
280,Jacenta,Larochelle
281,Jessamyn,Reneta
282,Emelina,Morehouse
283,Jacquetta,Corabella
284,Berget,Bonucci
285,Laure,Marisa
286,Andree,Hermes
287,Chickie,Lindemann
288,Corly,Sawtelle
289,Pierette,Skurnik
290,Darci,Curren
291,Meghann,Jerald
292,Paola,Trey
293,Jordan,Adrienne
294,Renie,Lowry
295,Edee,Terencio
296,Jacenta,Cherianne
297,Cherilyn,Tarrant
298,Valli,Cristi
299,Agnese,Mathilde
300,Ardys,Friede
301,Minda,Means
302,Ariela,Wandie
303,Grier,Schenck
304,Starla,Daveta
305,Delilah,Hashim
306,Lorenza,Gherardo
307,Claresta,Lay
308,Codie,Sadowski
309,Nyssa,Corrine
310,Belva,Anis
311,Dotty,Slifka
312,Dulce,Paton
313,Vita,Rese
314,Ottilie,My
315,Roz,Parette
316,Leontine,Dowski
317,Reeba,Ciro
318,Agathe,Vharat
319,Tiffie,Giule
320,Melisent,Carri
321,Hallie,Bartlett
322,Beverley,Himelman
323,Alyda,Mallon
324,Kenna,Bartlett
325,Di,Tice
326,Peri,McCutcheon
327,Kylynn,Munn
328,Glynnis,Saunderson
329,Monika,Lowry
330,Karolina,Corrine
331,Adore,Charity
332,Mara,Mandler
333,Donnie,Lorenz
334,Deane,Pettiford
335,Nerta,Tybald
336,Natka,Tyson
337,Clarice,Bartlett
338,Jere,Heisel
339,Stacey,Sidonius
340,Briney,Cynar
341,Elbertina,Carmena
342,Annora,Suzetta
343,Basia,Telfer
344,Hermione,Warthman
345,Ira,Nisbet
346,Olwen,Alisia
347,Paule,Brotherson
348,Edyth,Johnsson
349,Lucille,Cordi
350,Maryellen,Seumas
351,Sissy,Seumas
352,Tabbatha,Pip
353,Harmonia,Maryanne
354,Nessie,Magnolia
355,Ayn,Pip
356,Kathi,Rurik
357,Collen,Thar
358,Dennie,Schroth
359,Abbie,Havens
360,Bee,Arquit
361,Nerta,Gladstone
362,Julieta,Magnolia
363,Anthia,Stelle
364,Charmaine,Callista
365,Leona,Maurine
366,Anthia,Dermott
367,Sheree,Hoban
368,Cissiee,Cyrie
369,Aubrie,Erminia
370,Rhoda,Curren
371,Anthia,Buffum
372,Dotty,Chobot
373,Viviene,Thema
374,Belinda,Boycey
375,Juliane,Bigner
376,Giustina,Croix
377,Evita,Amand
378,Hayley,Brittani
379,Cissiee,Rooney
380,Emmey,Himelman
381,Desirae,Dosia
382,Randa,Graig
383,Genovera,Wind
384,Cristabel,Kamaria
385,Tamqrah,Tarrant
386,Goldie,Lindemann
387,Louella,Zola
388,Stacey,Toor
389,Almeta,Astra
390,Nataline,Garek
391,Lesly,Raul
392,Gui,Elephus
393,Mellicent,Zetta
394,Gerianna,Kevon
395,Charlena,Winthorpe
396,Ursulina,Carleen
397,Charissa,Tound
398,Jenilee,Klemperer
399,Agnese,Kazimir
400,Theodora,Fadiman
401,Tierney,Stover
402,Katleen,Xerxes
403,Tilly,Ambrosia
404,Alisha,Zrike
405,Lorenza,Saunderson
406,Deane,Niccolo
407,Darlleen,Seessel
408,Kara-Lynn,Goode
409,Kate,Nickola
410,Brianna,Buttaro
411,Modestia,Trinetta
412,Marti,Garek
413,Damaris,Alexandr
414,Dianemarie,Japeth
415,Neila,Medrek
416,Sam,Sharl
417,Doralynne,Phi
418,Christal,Neva
419,Lucy,Brittani
420,Amii,Tristram
421,Clary,Redmond
422,Tabbatha,Odysseus
423,Babita,Old
424,Justinn,Rad
425,Rhea,Burch
426,Shaine,Korey
427,Aryn,Natica
428,Kristina,Forrer
429,Renie,Dex
430,Ardys,Gregrory
431,Zondra,Clarissa
432,Felice,Fancie
433,Candi,Millda
434,Vivia,Ethban
435,Frances,Boycey
436,Benita,Verger
437,Karlee,Leary
438,Nananne,Stilwell
439,Marti,Socha
440,Renie,Ranjiv
441,Ebonee,Carbo
442,Latisha,Read
443,Linet,Cadmar
444,Lolita,Esmaria
445,Gwyneth,Ulphia
446,Tami,Miru
447,Nollie,Fancie
448,Evita,Halla
449,Sybille,Cath
450,Valera,Thilda
451,Vere,Gerge
452,Harrietta,Chapland
453,Talya,Travax
454,Bernie,Jarib
455,Tonia,Mott
456,Kara-Lynn,Solitta
457,Berta,Muriel
458,Alia,Levey
459,Pearline,Beebe
460,Vonny,Merell
461,Mignon,Douglass
462,Merle,Ferino
463,Dania,Daegal
464,Dacia,Bergman
465,Vanessa,Douglass
466,Helena,Clywd
467,Merle,Nahum
468,Marylou,Kamaria
469,Henriette,Lubin
470,Ada,Stover
471,Elise,Alarise
472,Korrie,Brenn
473,Nessie,Ludewig
474,Ricky,Simmonds
475,Hope,Olin
476,Meghann,Casimir
477,Bernardine,Gladstone
478,Lenna,Agle
479,Jere,Philoo
480,Georgina,Clywd
481,Oona,Duwalt
482,Melisent,Wildermuth
483,Debee,Pierette
484,Annaliese,Baptlsta
485,Corina,Syd
486,Andree,Eldrid
487,Kamilah,Afton
488,Judy,Brodench
489,Augustine,Linskey
490,Deedee,Madelene
491,Lita,Fontana
492,Elena,Saint
493,Gerianna,Eno
494,Kalina,Sigfrid
495,Christal,Merriott
496,Alex,Ax
497,Queenie,Parette
498,Corly,Sidonius
499,Kary,Casimir
500,Robinia,Buttaro
501,Ann-Marie,Buttaro
502,Di,Gower
503,Jenda,Isidore
504,Zia,Loleta
505,Maridel,Yam
506,Bobinette,Brandice
507,Belinda,Buckler
508,Allyce,Emerson
509,Camile,Vale
510,Carmencita,Marcellus
511,Ivett,Juan
512,Briney,Raychel
513,Zondra,Chapland
514,Rozele,Jalbert
515,Jacenta,Christal
516,Olwen,Cressida
517,Vivia,Bibi
518,Eolanda,Faso
519,Carlie,Nikaniki
520,Goldie,Sandye
521,Ricky,Florina
522,Rubie,Therine
523,Blondelle,Zenas
524,Florencia,Lumbard
525,Tobe,Bonilla
526,Lizzie,Sperling
527,Celestyna,Hewitt
528,Renae,Anastatius
529,Janis,Arne
530,Emylee,Korey
531,Emilia,Delila
532,Jennica,Mozelle
533,Fred,Telfer
534,Raquela,Ingra
535,Dominga,Jefferey
536,Anica,Fax
537,Louella,Cleavland
538,Ninnetta,Idelia
539,Stephanie,Madaih
540,Jerry,Rosemary
541,Brynna,Braun
542,Helsa,Zaslow
543,Jolyn,Evvie
544,Isa,Cleo
545,Lenna,Cleavland
546,Donnie,Tamar
547,Concettina,Jena
548,Taffy,Terrence
549,Modestia,Cadmar
550,Jan,Tippets
551,Edith,Selway
552,Daune,Devlen
553,Lucy,Margret
554,Kara-Lynn,Claudine
555,Karena,Isidore
556,Sue,Marden
557,Eadie,Madelene
558,Hayley,Armanda
559,Joceline,Matthew
560,Roslyn,Yam
561,Doralynne,Cosenza
562,Deane,Regan
563,Frances,Hunfredo
564,Annecorinne,Candy
565,Tarra,Ax
566,Willetta,Joli
567,Talya,Lemuela
568,Alejandra,Kronfeld
569,Dari,Grobe
570,Minda,Rugen
571,Luci,Raul
572,Arlina,Elo
573,Eve,Rudolph
574,Raf,Ioab
575,Vinita,Grayce
576,Mallory,Robertson
577,Elbertina,Jeanne
578,Damaris,Gert
579,Cyb,Minetta
580,Gilda,Goddard
581,Dode,Baptlsta
582,Keelia,Ajay
583,Brynna,Kannry
584,Adriana,Vary
585,Kara-Lynn,Marijo
586,Kristina,Susannah
587,Adele,Narton
588,Maud,Waite
589,Nanete,Willie
590,Lucy,Stacy
591,Maye,Tremayne
592,Karena,Fillbert
593,Joane,Smitt
594,Flo,Trey
595,Cordi,Vorster
596,Hildegaard,Weinreb
597,Vinita,Killigrew
598,Winny,Niles
599,Letizia,Japeth
600,Alisha,Romelda
601,Katuscha,Girardo
602,Brana,Peonir
603,Odessa,Lowry
604,Antonietta,Read
605,Krystle,Gino
606,Lelah,Plato
607,Danika,Gladstone
608,Jany,Manolo
609,Sheelagh,Jalbert
610,Jackie,Guthrie
611,Leia,Therine
612,Layla,Stacy
613,Merle,Quent
614,Donnie,Clarissa
615,Linzy,Vorster
616,Nessie,LaRue
617,Lolita,Alejoa
618,Karina,Pauly
619,Christian,Braun
620,Jasmina,Dudley
621,Sabina,Charmine
622,Taffy,Edvard
623,Brooks,Raimondo
624,Netty,Marsden
625,Daryl,McAdams
626,Demetris,Corabella
627,Angelique,Margret
628,Kayla,Shaddock
629,Mellicent,Johnsson
630,Cristine,Masao
631,Madalyn,Horan
632,Tressa,Hashim
633,Leia,Hunfredo
634,Sabina,Byrne
635,Neila,Pillsbury
636,Nonnah,Stilwell
637,Aubrie,Pandolfi
638,Gwyneth,Miru
639,Fred,Mayeda
640,Wendi,Slifka
641,Laure,Adalbert
642,Claresta,Ethban
643,Elfreda,Hepsibah
644,Kate,Gaynor
645,Lorie,Quent
646,Veda,Koehler
647,Petronia,Bergman
648,Gertrud,Dalli
649,Mureil,Atonsah
650,Trudie,Vacuva
651,Brynna,Taima
652,Alyssa,Gillan
653,Aryn,Hashim
654,Ingrid,Lutero
655,Ulrike,Carlson
656,Ursulina,Kenney
657,Marika,Aloise
658,Sissy,Ietta
659,Antonietta,Ciapas
660,Marinna,Stuart
661,Riannon,Shuler
662,Maud,Ricarda
663,Thalia,Dominy
664,Olwen,My
665,Gaylene,Strephon
666,Jolyn,August
667,Asia,Creamer
668,Kial,Henebry
669,Renie,Johanna
670,Eolanda,Fiester
671,Inga,Tayib
672,Suzette,Harriman
673,Ermengarde,Erb
674,Catharine,Nisbet
675,Patricia,Felizio
676,Jsandye,Hepsibah
677,Cissiee,Matthew
678,Bertine,Eno
679,Dagmar,Seagraves
680,Donnie,Lail
681,Zsa Zsa,Egbert
682,Ricky,Nance
683,Dyann,Eno
684,Bettine,Tice
685,Deane,Klotz
686,Shaylyn,Anis
687,Fred,Fadiman
688,Selia,Marisa
689,Gisela,Adamsen
690,Gaylene,Merat
691,Elise,Valerio
692,Dennie,Vale
693,Doro,Levey
694,Linzy,Geffner
695,Cindelyn,Hortensia
696,Vinita,Laverne
697,Odessa,Jaylene
698,Collen,Kelula
699,Sallie,Boehike
700,Kylynn,Curren
701,Vivia,Abram
702,Fanchon,Granoff
703,Consuela,Kravits
704,Annice,Roche
705,Doro,Kiyoshi
706,Arlena,Sperling
707,Edee,Dituri
708,Margarette,Adrienne
709,Paule,Erlandson
710,Olwen,Llovera
711,Sandie,Boehike
712,Katharina,Riva
713,Sallie,O'Carroll
714,Cecile,Mott
715,Feliza,Rossner
716,Florie,Zachary
717,Sonni,Harday
718,Josephine,Margarete
719,Gianina,Rugen
720,Frieda,Ciapas
721,Marsiella,Anselmi
722,Joy,Vilma
723,Gianina,Flita
724,Mahalia,Douglass
725,Maye,Herrera
726,Starla,Mich
727,Bernie,Mayeda
728,Jennica,Erb
729,Cherrita,Mich
730,Trixi,Standing
731,Misha,Hathaway
732,Halette,Serilda
733,Cathie,Corabella
734,Suzette,Breed
735,Viki,Ade
736,Lily,Ade
737,Barbi,Pauly
738,Ekaterina,Smitt
739,Jeanna,Colleen
740,Flo,Dorine
741,Atlanta,Isacco
742,Vinita,Pascia
743,Gerianna,Zitvaa
744,Shirlee,Helfand
745,Talya,Hamil
746,Carmencita,Bearnard
747,Lusa,Winnick
748,Fredericka,Dorcy
749,Riannon,Byrne
750,Flo,Uund
751,Concettina,Graig
752,Candy,Fontana
753,Mariann,Garrison
754,Alie,Wyn
755,Diena,Othilia
756,Hope,Woodberry
757,Melanie,Gaal
758,Mireielle,Mayeda
759,Zondra,Talia
760,Feliza,Elsinore
761,Emmey,Posner
762,Althea,Thad
763,Gaylene,Peonir
764,Fred,Abernon
765,Pollyanna,Hourigan
766,Bernardine,Shields
767,Dominga,Zachary
768,Ilse,Maxi
769,Jennica,Means
770,Penelopa,Grayce
771,Joane,Sikorski
772,Romona,Rudolph
773,Konstance,Stephie
774,Christy,Wind
775,Gilligan,O'Neill
776,Cassandra,Moina
777,Lanae,Timon
778,Theodora,Yate
779,Andree,Lenny
780,Hildegaard,Rubie
781,Agnese,Garbe
782,Brietta,Myrilla
783,Alexine,Wiener
784,Ana,Erminia
785,Viviene,Terencio
786,Lita,Valoniah
787,Meghann,Suzetta
788,Clary,Milde
789,Almeta,Jacinda
790,Melina,Malina
791,Stevana,Charmine
792,Trudie,Bennie
793,Pamella,Tice
794,Julieta,Zina
795,Shaine,Germann
796,Ronna,Leifeste
797,Lynde,Fiann
798,Flory,Ries
799,Grier,Fredi
800,Tina,Keily
801,Di,Schenck
802,Tersina,Jacqui
803,Alejandra,Billye
804,Penelopa,Belanger
805,Grier,Cyrie
806,Joane,Alice
807,Tracey,Faro
808,Demetris,Winnick
809,Viki,Florina
810,Halette,Hachmin
811,Gertrud,Sidonius
812,Jackie,Parette
813,Leanna,Henebry
814,Jemie,Gemini
815,Nollie,Kat
816,Gilda,Dosia
817,Jaime,Anyah
818,Paulita,Friede
819,Gusty,Herrera
820,Gaylene,Donoghue
821,Fawne,Gordon
822,Marsiella,Martguerita
823,Gusty,Ammann
824,Rivalee,Melony
825,Joelly,Alwin
826,Dione,Geffner
827,Aigneis,My
828,Glynnis,Tippets
829,Gwyneth,Lail
830,Trudie,Llovera
831,Alyssa,Cohdwell
832,Leia,Abram
833,Lolita,Muriel
834,Lorne,Nadia
835,Bernardine,Callista
836,Orelia,Tice
837,Gretal,Stav
838,Rivalee,Crudden
839,Atlanta,Zola
840,Brandise,Loeb
841,Miquela,Wyn
842,Allyce,Ashely
843,Konstance,Posner
844,Ingrid,Esmaria
845,Sabina,Sasnett
846,Courtnay,Winnick
847,Blake,Atonsah
848,Thalia,Tannie
849,Nonnah,Eldrid
850,Vivia,Bonucci
851,Wileen,Anestassia
852,Zondra,Bethany
853,Frances,Ardeha
854,Marika,Hathaway
855,Pamella,Norrie
856,Lory,Saint
857,Deane,Madelene
858,Marline,Christine
859,Fina,Toni
860,Vere,Weaks
861,Meghann,Dulciana
862,Xylina,Marden
863,Tybie,Leary
864,Barbi,Georgy
865,Frances,Wu
866,Isa,O'Neill
867,Caryl,Durware
868,Phylis,Neils
869,Joceline,Othilia
870,Romona,O'Carroll
871,Calla,Mozelle
872,Justinn,Dunkin
873,Ginnie,Faria
874,Vita,Darrell
875,Madelle,Salvidor
876,Jinny,Revkah
877,Tobe,Dunkin
878,Adriana,Middleton
879,Brana,Granoff
880,Raquela,Tice
881,Florencia,Camden
882,Beverley,Socha
883,Lenna,Wu
884,Abbie,Saunderson
885,Arlina,Thar
886,Kamilah,Wallis
887,Claudina,Infield
888,Lisette,Waldron
889,Anica,Atonsah
890,Lanae,Greyson
891,Sonni,Noam
892,Jere,Juan
893,Marjie,Gaspard
894,Corry,Peti
895,Maisey,Annabella
896,Gilda,Thar
897,Vevay,Lacombe
898,Letizia,Pernick
899,Ernesta,Diogenes
900,Ivett,Mott
901,Gale,Stilwell
902,Ira,Taima
903,Antonietta,Lunsford
904,Adore,Ries
905,Margalo,Ardeha
906,Kara-Lynn,Quinn
907,Michaelina,Tayib
908,Marleah,Bandeen
909,Yvonne,Desai
910,Kathi,Ochs
911,Dede,Ledah
912,Jessy,Carleen
913,Chloris,Genna
914,Gabi,Sherrie
915,Trixi,Katrine
916,Aimil,Jagir
917,Madeleine,Brieta
918,Rosaline,Kathie
919,Jere,Ries
920,Esmeralda,Merna
921,Sidoney,Scammon
922,Dorothy,Claudine
923,Lorne,Thunell
924,Hope,Candy
925,Misha,Colp
926,Gretal,Radu
927,Blinni,Weide
928,Alisha,Chrystel
929,Shaine,Gordon
930,Petronia,Janith
931,Judy,Alfons
932,Orelia,Giff
933,Jessy,Penelopa
934,Vita,Kristi
935,Ardenia,Kussell
936,Constance,Sholley
937,Paola,Lacombe
938,Edee,Willie
939,Aryn,Infield
940,Devina,Hanshaw
941,Mamie,Belanger
942,Kirbee,Hutchison
943,Feliza,Casimir
944,Carol-Jean,Faust
945,Joane,Rudolph
946,Frank,Shanley
947,Oona,Douglass
948,Flo,Chem
949,Cherrita,Thema
950,Celestyna,Kalinda
951,Marjie,Bronk
952,Charissa,Ricki
953,Lilith,Telfer
954,Viki,Demitria
955,Cordi,Bohlin
956,Celene,Felecia
957,Danika,Schenck
958,Harrietta,Middleton
959,Jaime,Japeth
960,Reeba,Swigart
961,Ellette,Loring
962,Vita,Abbot
963,Winifred,Lay
964,Lanna,Erskine
965,Drucie,Macey
966,Alyssa,Olnee
967,Morganica,Chem
968,Jacenta,Alwin
969,Zaria,Brotherson
970,Roxane,Huggins
971,Willetta,Pond
972,Roxane,Sikorski
973,Fanny,Lacombe
974,Verla,Bartlett
975,Flo,Gherardo
976,Brynna,Harned
977,Doro,Voletta
978,Molli,Elo
979,Beatriz,Engdahl
980,Belinda,Selway
981,Silvana,Grimbly
982,Sherrie,Klemperer
983,Mariele,Sallyann
984,Marinna,Solitta
985,Leona,Kalinda
986,Maye,Regan
987,Stacey,Natica
988,Abbie,Howlyn
989,Dione,Bord
990,Silvana,Eben
991,Pierette,Llovera
992,Rosabelle,Posner
993,Dennie,Boehike
994,Lucille,Tyson
995,Frank,Soneson
996,Doro,Lauraine
997,Verla,Yam
998,Dolli,Adalbert
999,Raf,Boycey
1000,Katleen,Sperling
1001,Kayla,Ingra
1002,Elka,Merell
1003,Rosanne,Zeeba
1004,Gabriellia,Grosz
1005,Dotty,Dielu
1006,Britni,Hebner
1007,Feliza,Thema
1008,Lisette,Juliet
1009,Nelle,Jacqui
1010,Kimmy,Maiah
1011,Jany,Carri
1012,Tina,Johanna
1013,Barbi,Brotherson
1014,Rivalee,Scammon
1015,Ivett,Gladstone
1016,Kassey,Corabella
1017,Elyssa,Gert
1018,Arabel,Dorothy
1019,Leeanne,Garlinda
1020,Raf,Tengdin
1021,Harmonia,Faria
1022,Brianna,Wolfgram
1023,Zia,Telfer
1024,Blake,Maribeth
1025,Jacquetta,Darrell
1026,Sara-Ann,Adore
1027,Maridel,Kolnick
1028,Minda,Johanna
1029,Eadie,Sprage
1030,Laure,Old
1031,Rani,Fillbert
1032,Fanchon,Wenda
1033,Ekaterina,Vastah
1034,Lesly,Ralfston
1035,Caritta,Pip
1036,Hayley,Hoban
1037,Henriette,Niles
1038,Miquela,Ferino
1039,Emelina,Borrell
1040,Natka,Yoko
1041,Basia,Zenas
1042,Tobe,Rillings
1043,Shauna,Kendrick
1044,Courtnay,Urania
1045,Frank,Etom
1046,Nerta,Cath
1047,Gisela,Klotz
1048,Marita,Gale
1049,Karena,Rheingold
1050,Elie,Edee
1051,Tiffie,Claudine
1052,Aryn,Franza
1053,Fernande,Cristi
1054,Suzette,Wind
1055,Antonietta,Arquit
1056,Edyth,McNully
1057,Constance,Rugen
1058,Trudie,Aida
1059,Karina,Haymes
1060,Dulcinea,Jerold
1061,Rosaline,Middleton
1062,Talya,Isidore
1063,Raf,Philipp
1064,Brana,Papageno
1065,Benita,Grayce
1066,Wendi,Cloris
1067,Shel,Lanita
1068,Caryl,Albertine
1069,Joeann,Suanne
1070,Giustina,Pattin
1071,Zia,Israeli
1072,Larine,Richers
1073,Kamilah,Munn
1074,Tabbatha,Hartnett
1075,Andeee,Chem
1076,Aurore,Jess
1077,Ofilia,Haerr
1078,Annecorinne,Swanhildas
1079,Sophia,Schwejda
1080,Dyann,Kimmie
1081,Joeann,Dowski
1082,Dotty,Hollingsworth
1083,Cacilie,Oriana
1084,Lesly,Noam
1085,Minne,Bevin
1086,Sherrie,Maxi
1087,Deirdre,Seagraves
1088,Felice,Ioab
1089,Dotty,Leonard
1090,Lory,Vins
1091,Joeann,Alarise
1092,Fanny,Janith
1093,Kimmy,Rugen
1094,Nananne,Camden
1095,Ilse,Thomasina
1096,Kelly,Randene
1097,Betta,Zrike
1098,Lorne,Kolnick
1099,Amalie,Clywd